Tue Sep 30 2025 23:59:59 GMT+0000 (Coordinated Universal Time),144.9103836037
Fri Oct 31 2025 23:59:59 GMT+0000 (Coordinated Universal Time),12228.628932548
Sun Nov 30 2025 23:59:59 GMT+0000 (Coordinated Universal Time),91076.1067369008
Wed Dec 31 2025 23:59:59 GMT+0000 (Coordinated Universal Time),11557.8524897776
Sat Jan 31 2026 23:59:59 GMT+0000 (Coordinated Universal Time),13186.4729642535
Sat Feb 28 2026 23:59:59 GMT+0000 (Coordinated Universal Time),48129.6780093544
Tue Mar 31 2026 23:59:59 GMT+0000 (Coordinated Universal Time),104093.011059869
Thu Apr 30 2026 23:59:59 GMT+0000 (Coordinated Universal Time),650787.349604711
Sun May 31 2026 23:59:59 GMT+0000 (Coordinated Universal Time),376981.602465534
Tue Jun 30 2026 23:59:59 GMT+0000 (Coordinated Universal Time),1165786.46782803
Fri Jul 31 2026 23:59:59 GMT+0000 (Coordinated Universal Time),450715.942699461
